nombrein,valorcarbono,unidades
5 Especias Chinas,0.88,Kg
Abadejo,7.52,Kg
Abadejo De Alaska,2.58,Kg
Abadejo Empanizado Sin Gluten,2.56,Kg
Aceite De Aguacate,5.19,L
Aceite De Ajo,5.05,L
Aceite De Albahaca,4.87,L
Aceite De Algodón,5.22,L
Aceite De Almendras,-2.23,L
Aceite De Avellanas,-1.01,L
Aceite De Cacahuete,4.01,L
Aceite De Canola,3.26,L
Aceite De Chile,5.12,L
Aceite De Cilantro,2.47,L
Aceite De Cocina Mezclado,5.19,L
Aceite De Coco,8.45,L
Aceite De Colza,3.95,L
Aceite De Colza Con Infusión De Chile,4.37,L
Aceite De Colza Con Infusión De Limón,4.05,L
Aceite De Colza Infundido Con Ajo,4.35,L
Aceite De Colza Virgen Extra,4.43,L
Aceite De Girasol,2.96,L
Aceite De Hierbas,3.99,L
Aceite De Limon,2.84,L
Aceite De Linaza,5.21,L
Aceite De Maíz,2.5,L
Aceite De Mantequilla,8.77,L
Aceite De Mostaza,4.92,L
Aceite De Oliva,3.29,L
Aceite De Oliva Extra Virgen,6.3,L
Aceite De Oliva Infundido Con Chile,5.59,L
Aceite De Oliva Infundido Con Limón,5.29,L
Aceite De Oliva Virgen,7.49,L
Aceite De Palma,4.15,L
Aceite De Semilla De Lino,7.2,L
Aceite De Semilla De Uva,5.19,L
Aceite De Soja,3.76,L
Aceitunas,4.07,Kg
Aceitunas Kalamata,2.96,Kg
Aceitunas Mixtas,2.96,Kg
Aceitunas Negras,2.96,Kg
Aceitunas Verdes,2.96,Kg
Acelga,0.7,Kg
Achicoria,0.76,Kg
Ácido Acético,14.7,Kg
Ácido Cítrico,19.41,Kg
Ackee,1.02,Kg
Aderezo De Miel Y Mostaza,1.83,Kg
Aderezo De Queso Azul,2.56,Kg
Aderezo Francés,2.51,Kg
Aderezo Ligero De Aceite De Oliva,3.13,L
Aderezo Para Ensalada César,5.7,Kg
Aderezo Para Ensaladas De La Casa,3.13,Kg
Aerosol De Aceite De Cocina,2.77,L
Agar Agar,2.71,Kg
Agrios,0.43,Kg
Agua De Coco,2.05,L
Agua De Mar Microfiltrada,0.01,L
Agua Embotellada,0.21,L
Agua Filtrada,0.01,L
Agua Mineral,0.49,L
Aguacate Congelado,2.34,L
Aguacate Hass,2.34,L
Aguacate Orgánico,1.79,L
Aislado De Proteína De Leche,45.85,L
Aislado De Proteína De Semilla De Cáñamo,7.45,Kg
Ajo,0.56,Kg
Ajo De Migas De Pan,5.0,Kg
Ajo Machacado,1.0,Kg
Ajo Negro,1.6,Kg
Ajo Picado,0.42,Kg
Ajo Seco,2.07,Kg
Ajo,1.72,Kg
Asado,1.72,Kg
Albahaca,0.88,Kg
Albahaca Picada,0.88,Kg
Albahaca Picos,1.55,Kg
Albahaca Seca,3.07,Kg
Albahaca Seca Molida,3.07,Kg
Albaricoque,0.49,Kg
Albaricoque Seco,2.26,Kg
Albaricoques En Cubitos,0.7,Kg
Albóndigas De Ternera,39.95,Kg
Alcachofa,0.82,Kg
Alcachofas A La Parrilla,1.51,Kg
Alcachofas Cocidas,1.58,Kg
Alcaparras,0.55,Kg
Alcaparras En Salmuera,1.62,Kg
Alcohol,1.31,Kg
Alfalfa,0.55,Kg
Alfonsino,3.49,Kg
Alforfón,1.58,Kg
Alga Dulce,0.7,Kg
Alga Seca,2.35,Kg
Algas,0.7,Kg
Algodón De Azúcar,2.95,Kg
Alioli De Limón Y Romero,3.59,Kg
Alitas De Pollo,4.78,Kg
Alitas De Pollo con Hueso,3.84,Kg
Alitas De Pollo Con Hierbas Y Limón,4.36,Kg
Cocidas,4.36,Kg
Almejas,3.7,Kg
Almendra Cubierta De Chocolate,4.8,Kg
Almendra Molida,-0.61,Kg
Almendras,0.92,Kg
Almendras Blanqueadas,-0.66,Kg
Almendras Fileteadas,-0.64,Kg
Almendras,2.08,Kg
Avellanas,2.08,Kg
Algarroba,2.08,Kg
Almidón De Arroz Modificado,6.0,Kg
Almidón De Maíz,1.94,Kg
Almidón De Maíz Modificado,1.94,Kg
Almidón De Patata Modificado,1.82,Kg
Almidón De Tapioca Modificado,1.46,Kg
Almidón Modificado,2.59,Kg
Altramuces,1.34,Kg
Amaretto,2.76,Kg
Amaretto Disaronno,2.76,Kg
Anacardo Parmesano,1.61,Kg
Anacardos,8.12,Kg
Anchoas,11.85,Kg
Anchoas Marrones,11.85,Kg
Anguila,7.89,Kg
Anguila Estofada,12.02,Kg
Anís,0.88,Kg
Aonori,2.35,Kg
Aperol,2.76,Kg
Apio,0.44,Kg
Apio Cocido,0.22,Kg
Apio En Cubitos,0.5,Kg
Apio Nabo,0.65,Kg
Apionabo En Dados,0.4,Kg
Apollo,1.48,Kg
Appletizador,1.43,Kg
Aranciata Rossa - San Pellegrino,1.15,Kg
Arándanos,1.26,Kg
Arándanos Congelados,1.67,Kg
Arándanos Liofilizados,2.62,Kg
Arándanos Secos,5.91,Kg
Arenque,1.27,Kg
Aros De Cebolla Rebozados - Frenos,1.0,Kg
Arroz,3.72,Kg
Arroz Arborio,3.23,Kg
Arroz Arborio Cocido,1.89,Kg
Arroz Basmati,3.23,Kg
Arroz Basmati Integral,3.23,Kg
Arroz Blanco Grano Largo,3.23,Kg
Arroz Crujiente,6.25,Kg
Arroz De Coliflor,0.44,Kg
Arroz De Grano Largo,1.39,Kg
Arroz Fácil De Cocinar,3.2,Kg
Arroz Fermentado (Cultura Koji),1.97,Kg
Arroz Integral,3.23,Kg
Arroz Integral De Grano Largo,3.23,Kg
Arroz Integral Integral Cocido,1.89,Kg
Arroz Jazmín,3.55,Kg
Arroz Negro,3.23,Kg
Arrurruz,0.42,Kg
Asiago,10.24,Kg
Asofetida,0.88,Kg
Atún,3.16,Kg
Atún Enlatado,12.54,Kg
Atún Enlatado,12.54,L
Agua De Manantial,12.54,L
Avellana Cubierta De Chocolate,3.43,Kg
Avellanas,-1.13,Kg
Avellanas Blanqueadas,0.04,Kg
Avena,0.87,Kg
Avena Gigante,1.58,Kg
Avena Pelada,0.87,Kg
Avena Rebozada,1.58,Kg
Avena Sin Gluten,1.58,Kg
Azúcar,1.28,Kg
Azúcar Caramelizado,3.23,Kg
Azúcar De Coco,2.92,Kg
Azucar De Palmera,0.55,Kg
Azúcar De Remolacha,0.94,Kg
Azúcar Demerara,2.92,Kg
Azúcar En Polvo,2.75,Kg
Azúcar En Polvo De Oro,2.92,Kg
Azúcar Glas,2.92,Kg
Azúcar Granulada,2.92,Kg
Azúcar Mascabado,2.92,Kg
Azúcar Mascabado Oscuro,2.92,Kg
Azúcar Morena,2.92,Kg
Azúcar Moreno Claro,2.92,Kg
Baba Ghanoush,1.96,Kg
Bacalao,3.32,Kg
Bacalao Congelado,3.88,Kg
Bacalao Rebozado Sin Gluten,3.86,Kg
Bagel Multigrano,1.29,Kg
Bagre,8.93,Kg
Baguette De Masa Madre Multicereales,1.29,Kg
Baguettes Marrones,1.29,Kg
Baguettes Y Palitos,1.29,Kg
Baharat,0.88,Kg
Bambú,0.55,Kg
Baps,1.29,Kg
Barbacoa De Puerco,8.67,Kg
Barra De Proteínas De Frutas,2.92,Kg
Barrita Raw De Chocolate Y Coco,3.0,Kg
Base,11.01,Kg
Base De Butternut Y Camote,2.03,Kg
Base De Pizza Sin Gluten,1.38,Kg
Bastones De Zanahoria,0.38,Kg
Batido De Cacao Livin La Vida,2.84,Kg
Batido De Superfrutas Puras De Acai,2.02,Kg
Bayas,1.65,Kg
Bayas Congeladas,1.67,Kg
Bayas De Acai,1.65,Kg
Bayas De Acai Congeladas,1.67,Kg
Bayas De Alcaparras,0.55,Kg
Bayas De Goji,1.65,Kg
Bayas De Logan,1.65,Kg
Bayas De Saúco,1.7,Kg
Bayas Mixtas Congeladas,2.22,Kg
Bebé Hoja Mixta,0.88,Kg
Bebiendo Chocolate,2.9,Kg
Berenjena A La Parrilla,0.79,Kg
Berenjena Grafiti,0.79,Kg
Berenjenas,0.79,Kg
Berenjenas A La Brasa En Aceite De Girasol,3.25,L
Enlatadas Y Escurridas,3.25,L
Berro De Albahaca Roja Micro,0.88,Kg
Berro De Bálsamo De Limón,0.7,Kg
Berro De Cilantro,0.88,Kg
Berro De Hoja De Ensalada Mixta Micro,0.88,Kg
Berro Micro Acedera,0.88,Kg
Berro Micro Amaranto Rojo,0.88,Kg
Berro Micro Mostaza,0.87,Kg
Berros,0.7,Kg
Beyond Burger,3.55,Kg
Bicarbonato,0.88,Kg
Biscoff De Loto Para Untar,3.2,Kg
Bistec A La Plancha,39.95,Kg
Bistec Bavette,39.95,Kg
Bistec De Carne,39.95,Kg
Bistec Denver,39.95,Kg
Bizcocho De Chocolate,4.66,Kg
Hecho En Casa,4.66,Kg
Bizcocho De Limón,2.89,Kg
Bizcocho Sin Gluten,1.73,Kg
Blini,3.17,Kg
Bloomer Malteado,1.29,Kg
Bloque De Curry De Java,3.65,Kg
Bloque De Estilo Cheddar Maduro,2.26,Kg
Bloque De Mozzarella,14.38,Kg
Bloque De Sabor A Queso Cheddar,2.57,Kg
Bocaditos De Halloumi Rebozados,17.74,Kg
Cocidos,17.74,Kg
Bok Choi,0.29,Kg
Bolas De Masa,0.81,Kg
Bolas De Masa Clásicas Grandes,0.82,Kg
Bolas De Masa Sin Gluten,1.28,Kg
Bollo De Brioche,3.68,Kg
Bollo De Hot Dogs,1.29,Kg
Bollos,1.29,Kg
Bollos De Brioche Con Mantequilla,3.87,Kg
Bollos De Hamburguesa,1.29,Kg
Bollos De Hamburguesa Glaseados,1.29,Kg
Bollos Hirata,1.38,Kg
Bolsa De Té De Manzanilla,3.29,Kg
Brandy,2.76,Kg
Brasicáceas,0.5,Kg
Bresaola,57.25,Kg
Brócoli,0.91,Kg
Brócoli Congelado,0.87,Kg
Brócoli Y Comino,1.38,Kg
Cocidos,1.38,Kg
Brote De Bambú,0.55,Kg
Brotes De Alfalfa,0.7,Kg
Brotes De Frijol Mungo,2.16,Kg
Brotes De Habichuelas,2.16,Kg
Brownie De Chocolate,3.84,Kg
Brownie Sin Gluten,3.02,Kg
Búfalo,78.8,Kg
Burrata,14.37,Kg
Caballa,6.63,Kg
Cabeza De Ajo,0.42,Kg
Cabeza Plana,2.56,Kg
Cabra,40.6,Kg
Cacahuetes Blanqueados,1.85,Kg
Cacao,3.86,Kg
Cacao En Polvo Bajo En Grasa,0.74,Kg
Café De Paracaídas,8.29,Kg
Café Exprés,0.55,Kg
Café Filtrado Por Goteo,0.6,Kg
Café Molido,13.82,Kg
Café Soluble,0.33,Kg
Cafe Verde,0.49,Kg
Café,15.17,Kg
Expreso,15.17,Kg
Cajún,0.88,Kg
Calabacín,1.27,Kg
Calabaza Butternut Hervida,2.61,Kg
Calabaza De Grosella Negra,0.26,Kg
Calabaza De Manzana Y Grosella Negra,1.73,Kg
Sin Diluir,1.73,Kg
Calabaza Moscada Cortada En Cubitos,0.4,Kg
Calabazas,0.44,Kg
Calabazas Hokkaido,0.16,Kg
Calamansí,0.41,Kg
Calamar,6.79,Kg
Caldo De Carne,0.98,L
Caldo De Carne,25.29,L
Hecho En Casa,25.29,L
Caldo De Champiñones,0.18,L
Caldo De Cordero,0.25,L
Caldo De Cordero Knorr,6.64,L
Caldo De Pollo,0.17,L
Caldo De Pollo,0.42,L
Bajo En Sodio,0.42,L
Caldo De Pollo,2.43,L
Casero,2.43,L
Caldo De Pollo,0.2,L
De Cube,0.2,L
Caldo De Pollo,0.14,L
De Pasta,0.14,L
Caldo De Res,0.98,L
Del Cubo,0.98,L
Camarón,11.21,Kg
Camarones Congelados,13.67,Kg
Camarones Salados Fermentados,10.64,Kg
Campari,2.76,Kg
Canela,0.88,Kg
Canela En Polvo,0.88,Kg
Canela En Rama,0.88,Kg
Canelones Tubos,1.62,Kg
Cangrejo,28.71,Kg
Cangrejo Arancini,7.42,Kg
Cangrejo De Río,26.1,Kg
Cangrejo De Río Británico,21.56,Kg
Canguro,4.1,Kg
Canola,4.29,Kg
Caña De Azucar,2.62,Kg
Cáñamo,3.84,Kg
Capocollo,17.26,Kg
Cápsulas De Café Descafeinado,23.73,Kg
Caracoles,0.73,Kg
Caramelo,3.81,Kg
Carbonato De Calcio,0.88,Kg
Cardamomo,0.88,Kg
Cardamomo Molido,0.88,Kg
Cardamomo Verde,0.88,Kg
Carne (Rebaño Bovino),53.15,L
Carne De Cabra,21.78,Kg
Carne De Cerdo Magra Picada,11.98,Kg
Carne De Cerdo Picada,11.98,Kg
Carne De Cordero,34.16,Kg
Carne De Cordero Picada,40.06,Kg
Carne De Langosta En Aderezo,17.67,Kg
Carne De Pavo Con Hueso,2.13,Kg
Carne De Pavo Sin Huesos,4.08,Kg
Carne De Res (Rebaño Lechero),26.75,L
Carne De Salchicha Cumberland,9.15,Kg
Carne De Vacuno Alimentado A Hierba,78.06,Kg
Carne En Lata,39.83,Kg
Carne Molida,39.95,Kg
Carne Orgánica,50.33,Kg
Carne Picada Sin Gluten,3.31,Kg
Carne Picada,39.95,Kg
Extra Magra,39.95,Kg
Carpa,16.96,Kg
Carpa Común,6.06,Kg
Carpa Herbívora,30.83,Kg
Carragenina,5.61,Kg
Cáscara Confitada,1.63,Kg
Cáscara De Limón,0.61,Kg
Cáscara De Limón Seca,2.67,Kg
Cáscara De Mandarina Seca,0.55,Kg
Cashel Azul,14.37,Kg
Castañas,2.2,Kg
Castañas - Envasadas Al Vacío,2.82,Kg
Castañas Cocidas,3.19,Kg
Caupí,0.49,Kg
Cavatappi,1.62,Kg
Caviar,11.03,Kg
Caviar Avruga,11.03,Kg
Cavolo Nero,0.3,Kg
Cebada,1.11,Kg
Cebada Cervecera,1.56,Kg
Cebada Cervecera De Invierno,1.03,Kg
Cebada Cervecera De Verano,1.09,Kg
Cebolla A La Parrilla,0.77,Kg
Cebolla Deshidratada,2.05,Kg
Cebolla Picada,1.84,Kg
Cebolla Picada Congelada,0.38,Kg
Cebolla Seca,2.05,Kg
Cebollas,0.45,Kg
Cebollas Caramelizadas,1.7,Kg
Cebollas Crujientes,1.98,Kg
Cebollas De Primavera,0.45,Kg
Cebollas Fritas,0.71,Kg
Cebollas Grandes,0.36,Kg
Cebollas Marrones,0.36,Kg
Cebollas Rojas Caramelizadas,1.7,Kg
Cebolletas Secas,3.07,Kg
Cebollín,0.88,Kg
Cebollino Asiático,0.88,Kg
Cebollino Micro,0.88,Kg
Cedro,11.21,Kg
Centeno,1.23,Kg
Centeno De Invierno,1.04,Kg
Cerdo,11.41,Kg
Cerdo Con Hueso,3.44,Kg
Cerdo De Corral,11.96,Kg
Cerdo En Cubitos,11.96,Kg
Cerdo Orgánico,12.94,Kg
Cerezas,0.91,Kg
Cerezas Dulces,1.02,Kg
Cerezas Dulces Orgánicas,1.45,Kg
Cerezas Glaceadas,2.34,Kg
Cerezas Morello,1.37,Kg
Cerezas Negras,1.37,Kg
Cerveza,1.34,L
Cerveza En Lata,0.61,L
Cerveza En Vaso,0.96,L
Cerveza Inglesa,1.15,L
Chaat Masala,4.79,Kg
Chai Latte En Polvo,5.06,Kg
Chalotes De Plátano,0.36,Kg
Chalotes Fritos,1.98,Kg
Chambord,2.76,Kg
Champiñón De Jade,1.21,Kg
Champiñones,1.22,Kg
Champiñones A La Taza,1.22,Kg
Champiñones Morel,1.21,Kg
Champiñones Ostra Rey,1.21,Kg
Champiñones Planos,1.22,Kg
Chardonnay,2.82,Kg
Cheddar Blanco Rallado,14.38,Kg
Cheddar Maduro,14.37,Kg
Grasa Reducida,14.37,Kg
Cheddar Rallado,14.38,Kg
Cheerios,1.63,Kg
Chianti Reserva,1.47,Kg
Chile Chipotle En Polvo,2.45,Kg
Chile De Cinco Frijoles,1.73,Kg
Chile En Polvo,2.45,Kg
Chile En Polvo De Cachemira,2.45,Kg
Chile Jalapeño,1.01,Kg
Chiles Anchos,3.01,Kg
Chiles Chipotles,1.01,Kg
Chiles Chipotles En Salsa Adobe,2.06,L
Chiles De Cachemira,1.01,Kg
Chiles Guajillo,3.01,Kg
Chiles Guajillos Molidos,1.01,Kg
Chiles Habaneros,1.01,Kg
Chiles Jalapeños En Vinagre,1.75,L
Chiles Secos,3.01,Kg
Chiles Triturados,1.01,Kg
Chiles Verdes,1.01,Kg
Chimichurri,1.87,Kg
Chips Chunky Congelados,2.81,Kg
Chips De Chocolate,3.96,Kg
Chips De Coco,4.31,Kg
Chips De Corte Medio,0.47,Kg
Chips De Plátano,3.33,Kg
Chirivía,0.36,Kg
Chirivías En Cubitos,0.4,Kg
Chispas De Chocolate Negro,2.82,Kg
Chlorella,0.7,Kg
Chocolate,3.13,Kg
Chocolate Abyss Espolvoreado De Chocolate,2.34,Kg
Chocolate Amargo,2.82,Kg
Chocolate Con Leche,4.01,L
Chocolate Negro,2.77,Kg
Chocolate Negro Molido - 52.5% Cacao,3.15,Kg
Chorizo,14.82,Kg
Chota Naan,1.29,Kg
Chuleta De Cerdo Cocida,13.45,Kg
Chuletas De Cordero Gigot,40.06,Kg
Chuletillas De Gigot De Cordero Cocidas,40.06,Kg
Chutney De Cebolla Caramelizada,1.61,Kg
Chutney De Lima,1.16,Kg
Chutney De Mango,2.3,Kg
Chutney De Manzana,1.15,Kg
Chutney De Tomate Verde,2.26,Kg
Chapata,1.29,Kg
Ciabatta,1.29,Kg
Cilantro Fresco,0.88,Kg
Cilantro Molido,0.88,Kg
Cilantro Y Menta,0.88,Kg
Cinco Especias Chinas,0.88,Kg
Cintas Daikon,0.42,Kg
Ciruela,0.26,Kg
Ciruela Seca,2.58,Kg
Clara De Huevo Deshidratada,14.67,Kg
Claras De Huevo,4.4,Kg
Clavo,0.88,Kg
Clementina,0.42,Kg
Coca Cola,0.32,Kg
Coca Cola Cero,0.32,Kg
Coca-Cola Light,0.32,Kg
Cocinar Manzanas,0.41,Kg
Cocinar Vino Blanco,2.82,L
Coco Desecado,4.31,Kg
Coco Seco,4.31,Kg
Cocos,1.92,Kg
Cóctel De Frutas En Jugo,0.82,L
Col China,0.3,Kg
Col De Saboya,0.76,Kg
Col Rizada,0.29,Kg
Col Verde,0.3,Kg
Coles De Bruselas,0.83,Kg
Coley,11.85,Kg
Coliflor,0.52,Kg
Colinabo,0.3,Kg
Color De La Curcumina,0.88,Kg
Color Del Caroteno,0.38,Kg
Colza,4.25,Kg
Colza De Invierno,3.82,Kg
Comino,0.88,Kg
Comino En Polvo,0.88,Kg
Compota De Albaricoque,1.02,Kg
Compota De Cereza,1.68,Kg
Compota De Frutas,1.2,Kg
Compuesto De Limón,3.14,Kg
Con Sabor A Yogurt,2.85,Kg
Concentrado De Arándanos,1.03,Kg
Concentrado De Cal,1.53,Kg
Concentrado De Jamaica,0.88,Kg
Concentrado De Hibisco,0.88,Kg
Concentrado De Jugo De Arándano,3.52,L
Concentrado De Jugo De Grosella Negra,3.13,L
Concentrado De Jugo De Kokum,3.67,L
Concentrado De Jugo De Limón Seco,3.13,Kg
Concentrado De Jugo De Manzana,0.99,L
Concentrado De Jugo De Plátano,1.32,L
Concentrado De Jugo De Remolacha,1.09,L
Concentrado De Jugo De Zanahoria,1.47,L
Concentrado De Leche,2.95,L
Concentrado De Limón,1.82,Kg
Concentrado De Saúco,2.02,Kg
Condimento De Arándano,2.03,Kg
Condimento De Chile,1.59,Kg
Condimento De Hamburguesa - Heinz,2.6,Kg
Condimento De Henderson,0.84,Kg
Condimento De Higo,2.32,Kg
Condimento De Pollo,0.88,Kg
Condimento Italiano,2.96,Kg
Condimento Jerk,0.88,Kg
Condimento Para Fajitas,0.88,Kg
Conejo Con Hueso,4.31,Kg
Conserva De Cereza,2.49,Kg
Conserva De Frutas Mixtas,1.16,Kg
Coñac,2.76,Kg
Copos De Bonito,19.61,Kg
Copos De Cebada,1.64,Kg
Copos De Chocolate,3.96,Kg
Copos De Maíz,1.89,Kg
Copos De Mijo,1.58,Kg
Corazones De Alcachofa,1.69,Kg
Corazones De Alcachofa En Frasco,2.3,Kg
Cordero,45.29,Kg
Cordero Con Hueso,25.23,Kg
Cordero En Dados,40.06,Kg
Cordero Samosa,14.37,Kg
Cocido,14.37,Kg
Cabrito,41.22,Kg
Corvejón Gammon,14.27,Kg
Coulis De Frutas De Grosella Negra,1.99,Kg
Coulis De Mango,1.42,Kg
Crema,4.67,L
Crema Batida De Coco,7.79,L
Crema Crujiente De Chocolate Amaretti,5.75,L
Crema De Avellanas,2.71,L
Crema De Coco,7.79,L
Crema De Girasol Sin Lácteos,3.6,L
Crema De Soja,1.62,L
Crema Doble Fresca,3.89,L
Crema Espesa,3.89,L
Crema Fresca,3.89,L
Crema Fresca Baja En Grasa,3.88,L
Crema Irlandesa - Bailey's,3.05,L
Crema Millac,3.99,L
Crema Pastelera Lista Para Servir,2.91,L
Cristales De Gelatina,4.08,L
Croissant,2.78,Kg
Croissant De Almendras,2.29,Kg
Croissant De Chocolate,1.94,Kg
Crustáceos,26.1,Kg
Crutones,1.91,Kg
Crutones Con Pimienta Negra,1.91,Kg
Cuajada,3.9,Kg
Cuajada De Limón,3.4,Kg
Cuartos De Alcachofa En Aceite De Girasol,4.81,L
En Frasco Y Escurridos,4.81,L
Cubito De Caldo De Cordero,5.39,L
Cubo De Caldo De Carne,43.85,L
Cubo De Caldo De Champiñones,2.84,L
Cubo De Caldo De Pollo,3.82,L
Cubo De Caldo De Pollo,3.25,L
Reducido En Sal,3.25,L
Cubos De Hielo,0.07,Kg
Cúrcuma Molida,0.88,Kg
Curry De Madrás En Polvo,0.88,Kg
Cuscús,1.62,Kg
Dátiles Picados,0.61,Kg
Glucosa,2.23,Kg
Dextrosa,2.23,Kg
Dientes De Ajo,0.42,Kg
Doble Crema,3.89,L
Dukkah,0.88,Kg
Dulce De Leche,3.91,L
Duraznos,0.76,Kg
Eclairs De Chocolate,4.46,Kg
Eglefino,3.49,Kg
Embutidos De Origen Vegetal Meatless Farm,2.42,Kg
Emmental,14.03,Kg
Empanada De Milanesa De Pollo Cocido,4.08,Kg
Emú,1.5,Kg
Encurtido De Lima,1.47,Kg
Endibia,0.6,Kg
Enebro,0.88,Kg
Eneldo,0.88,Kg
Enjambres,2.09,Kg
Ensalada De Col,0.78,Kg
Ensalada De Frutas,1.03,Kg
Ensalada De Papas A La Mostaza,1.1,Kg
Envoltura De Salvado,1.48,Kg
Envoltura Multigrano,2.05,Kg
Escarola Belga,0.83,Kg
Escarola Rizada,0.83,Kg
Espaguetis Sin Gluten,1.93,Kg
Espárragos,0.75,Kg
Espárragos Congelados,0.67,Kg
Especia Kimchi,1.47,Kg
Especias Mixtas,0.88,Kg
Espelta Seca,2.78,Kg
Espinaca,0.34,Kg
Espinacas Congeladas,0.88,Kg
Espinacas Picadas,0.88,Kg
Espinacas Tiernas,0.88,Kg
Espinacas Tiernas Picadas,0.88,Kg
Espinilla De Res,39.95,Kg
Espino,0.55,Kg
Espino Seco,2.09,Kg
Esponja De Chocolate,2.83,Kg
Estragón Seco,3.07,Kg
Extracto Concentrado De Pollo,71.37,L
Extracto De Ajo,0.42,L
Extracto De Almendra,-2.09,L
Extracto De Anchoa (Pasta),14.21,L
Extracto De Café,1.24,L
Extracto De Carne,910.65,L
Extracto De Clavo,5.59,L
Extracto De Especias Mixtas,0.88,L
Extracto De Flor De Saúco,1.48,L
Extracto De Hongos,4.42,L
Extracto De Malta De Cebada,1.62,L
Extracto De Manzana,3.88,L
Extracto De Pimienta Negra,0.88,L
Extracto De Puerro,1.15,L
Extracto De Vainilla Bourbon De Madagascar,2.09,L
Extracto De Zanahoria,3.08,L
Extractos De Cacao,2.58,L
Falafel Congelado,2.21,Kg
Falafel,1.98,Kg
Crudo,1.98,Kg
Falafels Cocidos,3.01,Kg
Fanta - Naranja,0.32,Kg
Farro,1.65,Kg
Dátiles,0.6,Kg
Dátiles Medjool,0.61,Kg
Fenogreco,0.88,Kg
Fenogreco Molido,3.07,Kg
Fettuccine,1.62,Kg
Fibra De Bambú,0.55,Kg
Fibra De Cítricos,0.41,Kg
Fibra De Raíz De Achicoria,1.74,Kg
Fideos,1.62,Kg
Fideos De Arroz Integral,3.67,Kg
Fideos De Frijol Mungo,6.42,Kg
Fideos De Huevo,1.0,Kg
Fideos Doblados,3.67,Kg
Fideos Doblados Marrones,3.67,Kg
Fideos Finos,1.62,Kg
Filete De Abadejo Rebozado,2.31,Kg
Filete De Abadejo Rebozado Congelado - Sin Gluten,2.58,Kg
Filete De Basa Empanizado,6.74,Kg
Filete De Costilla Cocido,40.39,Kg
Filete De Pollo,4.78,Kg
Filete De Pollo Cocido,6.91,Kg
Filete De Salmón Ahumado En Caliente,9.05,Kg
Filete De Ternera,39.95,Kg
Filetes De Costilla De Cerdo De Corral,11.96,Kg
Fish Sticks,2.26,Kg
Barritas de Almendra Sin Gluten,3.97,Kg
Flapjack De Almendras Sin Gluten,3.97,Kg
Barritas de Avena,3.83,Kg
Flapjacks,3.83,Kg
Flor De Ajo,0.42,Kg
Flor De Borraja,0.88,Kg
Flor De Caléndula,0.7,Kg
Flor De Plátano,0.9,Kg
Flor De Saúco Cordial,2.72,Kg
Flores De Saúco,0.7,Kg
Flúor De Frijol Mungo,1.49,Kg
Focaccia,2.93,Kg
Fondant De Chocolate,4.08,Kg
Fragmentos De Cacao,3.71,Kg
Frambuesas,5.23,Kg
Frambuesas Congeladas,2.09,Kg
Frambuesas Liofilizadas,11.09,Kg
Frankie Masala,0.88,Kg
Freekeh,1.65,Kg
Freekeh Agrietado,1.65,Kg
Freekeh De Frijoles Negros,2.14,Kg
Cocidos,2.14,Kg
Fresas,1.1,Kg
Fresas Congeladas,1.88,Kg
Fresas Liofilizadas,12.96,Kg
Fresas Secas,11.73,Kg
Frijol Adzuki,2.31,Kg
Frijol De Soya,2.2,Kg
Frijol Mungo,2.16,Kg
Frijol Tenedor,8.01,Kg
Frijoles,1.81,Kg
Frijoles Adzuki Congelados,2.17,Kg
Frijoles Blancos,0.98,Kg
Cocidos,0.98,Kg
Frijoles Borlotti,2.16,Kg
Frijoles Cannellini,2.16,Kg
Frijoles Cannellini,2.52,Kg
Congelados (Cocidos),2.52,Kg
Frijoles Cannellini,2.18,Kg
Congelados (Sin Cocinar),2.18,Kg
Frijoles Carilla,2.16,Kg
Frijoles Carlin,2.16,Kg
Frijoles Congelados,2.16,Kg
Frijoles De Campo De Invierno,0.92,Kg
Frijoles De Mantequilla,2.16,Kg
Frijoles De Tejón,2.16,Kg
Frijoles Edamame Blanqueados,2.37,Kg
Frijoles Edamame Congelados,2.16,Kg
Frijoles En Una Lata,0.11,Kg
Frijoles Franceses Y Frijoles Corredores,2.23,Kg
Frijoles Franceses Y Sim,12.35,Kg
Frijoles Horneados - Heinz,0.95,Kg
Frijoles Horneados Enlatados,1.76,Kg
Frijoles Horneados Italianos,3.33,Kg
Frijoles Marrones,5.27,Kg
Frijoles Mixtos,2.16,Kg
Frijoles Negros,2.16,Kg
Frijoles Negros Enlatados,1.85,Kg
Frijoles Negros Fermentados,4.0,Kg
Frijoles Negros,4.21,Kg
Cocidos,4.21,Kg
Frijoles Rojos Enlatados,1.85,Kg
Frijoles Rojos Enlatados,1.88,Kg
Escurridos,1.88,Kg
Frijoles Tortuga Negra,2.16,Kg
Frijoles Tortuga Negra,2.47,Kg
Congelados (Cocidos),2.47,Kg
Fructosa,2.91,Kg
Fruta De Baobab,1.02,Kg
Fruta De Verano Congelada,1.53,Kg
Fruta Exótica,2.43,Kg
Fruta Kokum,1.02,Kg
Frutas Mixtas,1.03,Kg
Fruto De La Palma,9.64,Kg
Frutos Del Bosque Congelados,1.68,Kg
Furikake,3.17,Kg
Fusilli,1.62,Kg
Fusilli Sin Gluten,1.93,Kg
Gachas De Coco Sin Gluten,0.8,Kg
Gajos De Berenjena,0.79,Kg
Gajos De Camote Congelado,0.46,Kg
Galanga,0.88,Kg
Galanga Picada,0.88,Kg
Galletas,3.62,Kg
Galletas - Lotus Biscoff,2.82,Kg
Galletas Amaretti,2.75,Kg
Galletas Con Sabor,0.93,Kg
Galletas Digestivas,2.95,Kg
Galletas Graham,2.32,Kg
Galletas Integrales,0.97,Kg
Galletas Lady Finger,2.57,Kg
Galletas Rellenas De Nata O Chocolate,1.53,Kg
Galletas Saladas,3.47,Kg
Galletas Simples,1.39,Kg
Ganso (Foie Gras),47.7,Kg
Garbanzos,1.24,Kg
Garbanzos Cocidos,2.97,Kg
Garbanzos Congelados,2.16,Kg
Garbanzos Crujientes,3.26,Kg
Garbanzos,2.75,Kg
Cocidos,2.75,Kg
Enlatados Y Escurridos,2.75,Kg
Gavi di Gavi,2.82,Kg
Gelatina,4.08,L
Gelatina De Cerdo Hoja De Bronce,12.44,L
Gelatina De Pollo,5.56,L
Gelatina De Res,42.18,L
Ghee,9.46,Kg
Ginebra,2.76,Kg
Ginger Ale,0.32,Kg
Glaseado Balsámico,2.84,Kg
Glaseado De Dulce De Chocolate,3.09,Kg
Glaseado De Fondant,2.83,Kg
Glicerina,49.42,Kg
Glucosa,2.01,Kg
Gnocchi,1.15,Kg
Gorgonzola,14.37,Kg
Gouda,9.59,Kg
Goujons De Pescado,11.85,Kg
Goujons De Pollo Empanados,3.71,Kg
Gran Formaggio,14.37,Kg
Grana Padaño,14.86,Kg
Granada,0.74,Kg
Granadina,1.98,Kg
Granola,2.09,Kg
Granola De Chocolate Sin Gluten,2.05,Kg
Granola De Miel,1.82,Kg
Granola Sin Gluten,2.16,Kg
Granos De Cacao,2.58,Kg
Secos,2.58,Kg
Granos De Café,21.84,Kg
Granos De Café Arábica,22.47,Kg
Granos De Café Arábica Brasileño,22.47,Kg
Granos De Café Arábica Colombiano,22.47,Kg
Granos De Café Orgánico,20.63,Kg
Granos De Maíz,1.04,Kg
Granos De Pimienta Negra,0.88,Kg
Granos De Pimienta Verde,0.88,Kg
Granos Mixtos,1.66,Kg
Gránulos De Ajo,2.07,Kg
Gránulos De Café Instantáneo,21.49,Kg
Gránulos De Salsa Bisto,3.16,L
Gránulos De Salsa Knorr,2.37,L
Sin Gluten,2.37,L
Granulos Para Salsa,1.45,L
Grañones De Trigo Sarraceno,1.58,Kg
Grappa,2.76,Kg
Grasa De Coco,8.45,Kg
Grasa De La Leche,3.03,L
Grasa De Pollo,4.77,Kg
Grasa De Res,39.76,Kg
Grosella,2.49,Kg
Grosella Espinosa,0.84,Kg
Grosellas Negras,1.65,Kg
Grosellas Negras Congeladas,1.67,Kg
Grupa De Cordero,40.06,Kg
Grupa De Ternera,39.95,Kg
Gruyère,14.38,Kg
Guacamole,2.0,Kg
Guacamole Congelado,2.0,Kg
Guayaba,0.28,Kg
Guisante,0.45,Kg
Guisantes Azules,0.75,Kg
Guisantes Blandos,2.51,Kg
Enlatados,2.51,Kg
Guisantes Blanqueados,1.06,Kg
Guisantes Congelados,0.98,Kg
Guisantes De Invierno,0.49,Kg
Guisantes De Jardín,0.75,Kg
Guisantes De Paloma,1.28,Kg
Guisantes De Primavera,0.55,Kg
Guisantes Económicos,0.8,Kg
Guisantes Gordos De Tuétano,0.75,Kg
Guisantes Verdes Partidos,0.75,Kg
Guiso De Bacalao Y Alubias,2.28,Kg
Gusanos De La Harina,2.84,Kg
Haba De Soja,0.56,Kg
Habas,1.35,Kg
Habas Congeladas,1.34,Kg
Habas De Primavera,1.3,Kg
Habas Secas,2.47,Kg
Habas,2.16,Kg
Crudas,2.16,Kg
Haggis,23.85,Kg
Crudo,23.85,Kg
Halal De Pejerrey De Ternera,39.95,Kg
Halloumi,23.92,Kg
Halloumi Rallado,23.92,Kg
Halloumi,22.76,Kg
A La Parrilla,22.76,Kg
Hamachi,11.85,Kg
Hamburguesa A Base De Plantas Con Carne (Ve),3.48,Kg
Hamburguesa Congelada 100% Carne De Res,40.13,Kg
Hamburguesa De Frijoles,1.69,Kg
Hamburguesa De Pollo,4.47,Kg
Hamburguesa De Soja,1.48,Kg
Hamburguesa Estilo Casero,32.08,Kg
Cruda,32.08,Kg
Hamburguesas De Champiñones,1.49,Kg
Hamburguesas Moving Mountain,2.78,Kg
Hamburguesas De Ternera,42.0,Kg
Cocidas,42.0,Kg
Hamburguesas De Ternera,32.08,Kg
Crudas,32.08,Kg
Hamburguesas Sin Carne,3.27,Kg
Harina De Almendra,-0.61,Kg
Harina De Arroz Integral,3.28,Kg
Harina De Avena Sin Gluten,1.69,Kg
Harina De Cebada,1.19,Kg
Harina De Cebada Malteada,1.31,Kg
Harina De Coco,4.31,Kg
Harina De Frijoles Azuki,1.32,Kg
Harina De Garbanzos,2.33,Kg
Harina De Lentejas,2.3,Kg
Harina De Maiz,1.62,Kg
Harina De Mijo,1.49,Kg
Harina De Mostaza,0.92,Kg
Harina De Pan,1.2,Kg
Harina De Soja,0.62,Kg
Harina De Sorgo,1.33,Kg
Harina De Trigo,0.52,Kg
Harina De Trigo Fortificada,1.2,Kg
Harina De Trigo Integral,0.36,Kg
Harina De Trigo Malteada,1.2,Kg
Harina De Trigo Sarraceno,1.83,Kg
Harina Graham,0.47,Kg
Harina Para Pastel,1.2,Kg
Harina Para Todo Uso,1.93,Kg
Harina Sin Gluten,2.09,Kg
Harissa,0.88,Kg
Hebras De Azúcar De Chocolate,2.94,Kg
Heladas,1.58,Kg
Helado,3.32,Kg
Helado De Chocolate,4.22,Kg
Hibisco,0.88,Kg
Hielo,0.03,Kg
Hielos,0.8,Kg
Hierba De Limón,0.37,Kg
Hierba De Limón Picada,0.37,Kg
Hierbas,0.88,Kg
Hierbas Italianas Secas,3.07,Kg
Hierbas Mezcladas,0.88,Kg
Hierbas Secas,3.07,Kg
Hígado De Cordero,40.06,Kg
Higado De Pollo,4.78,Kg
Higos,0.64,Kg
Higos Bebes,1.02,Kg
Higos Secos,1.78,Kg
Hilo De Ajo,0.42,Kg
Hinojo,0.45,Kg
Hinojo Planta,-0.63,Kg
Hoja China,0.88,Kg
Hoja De Albahaca,0.88,Kg
Hoja De Alholva Seca,3.07,Kg
Hoja De Cilantro,0.88,Kg
Hoja De Cilantro Seco,3.07,Kg
Hoja De Ensalada Mixta,0.88,Kg
Hoja De Fenogreco,0.88,Kg
Hoja De Laurel Molida,0.88,Kg
Hoja De Laurel Seca,3.07,Kg
Hoja De Lechuga,0.88,Kg
Hoja De Lima Kaffir Liofilizada,18.57,Kg
Hoja Seca De Lima Kéffir,3.07,Kg
Hojas,0.7,Kg
Hojas De Amaranto,0.88,Kg
Hojas De Apio,0.88,Kg
Hojas De Banana,0.7,Kg
Hojas De Caléndula,0.88,Kg
Hojas De Canónigos,2.93,Kg
Hojas De Coliflor,0.44,Kg
Hojas De Curry,0.88,Kg
Hojas De Lasaña,0.84,Kg
Cocidas,0.84,Kg
Hojas De Laurel,0.88,Kg
Hojas De Menta,0.88,Kg
Hojas De Moringa,0.7,Kg
Hojas De Mostaza,0.7,Kg
Hojuelas De Chile,3.01,Kg
Hojuelas De Chile Chipotle,3.01,Kg
Hojuelas De Chile Ojo De Pájaro,3.01,Kg
Hojuelas De Pimiento Picante,3.01,Kg
Holandesa,6.68,Kg
Hombro De Cordero,40.06,Kg
Hongos,1.64,Kg
Hongos Castaños,1.22,Kg
Hongos Castaños En Dados,1.2,Kg
Hongos Deshidratados,13.64,Kg
Hongos Enoki,1.21,Kg
Hongos Mixtos Secos,18.02,Kg
Hongos Porcini Secos,18.02,Kg
Hongos Secos,18.02,Kg
Hongos Silvestres Secos,18.02,Kg
Hueso De Cerdo,5.72,Kg
Huesos De Albaricoque,0.68,Kg
Huevas De Bacalao,11.85,Kg
Huevas De Pescado,11.85,Kg
Huevo Líquido,3.77,Kg
Huevo Mayonesa,4.86,Kg
Huevo Seco,16.11,Kg
Huevos,4.3,Kg
Huevos De Corral,4.39,Kg
Huevos De Gallinas Camperas Medianas,4.39,Kg
Huevos Duros,5.14,Kg
Huevos Duros De Gallinas Camperas,5.14,Kg
Huevos Duros En Salmuera,7.15,Kg
Huevos Enteros De Corral,4.39,Kg
Huevos Orgánicos,4.19,Kg
Hummus,3.05,Kg
Hummus Jalapeño,2.52,Kg
Vegano,2.52,Kg
Sin Gluten,2.52,Kg
Humo Liquido,0.1,Kg
Imperiales De Menta,2.94,Kg
Irn Bru,0.32,Kg
Jaca,1.02,Kg
Jaca Verde,1.02,Kg
Jaca Verde En Salmuera,3.22,Kg
Jack Daniels,4.13,Kg
Jalapeño Verde,1.01,Kg
Jamón,14.27,Kg
Jamón Cocido,14.27,Kg
Jamón De Cerdo,7.95,Kg
Japuta,6.63,Kg
Jarabe Con Sabor A Arce De Lyle,2.65,L
Jarabe De Agave,2.39,L
Jarabe De Arroz Integral,5.91,L
Jarabe De Azúcar Invertido,2.65,L
Jarabe De Caña De Azúcar,1.04,L
Jarabe De Dátiles,0.96,L
Jarabe De Glucosa,1.93,L
Jarabe De Glucosa Deshidratada,3.29,L
Jarabe De Glucosa Y Fructosa,2.01,L
Jarabe De Hibisco,1.26,L
Jarabe De Inulina,1.82,L
Jarabe De Maíz,2.61,L
Jarabe De Mora,2.54,L
Jarabe De Pan De Jengibre,2.9,L
Jengibre,0.65,Kg
Jengibre Cristalizado,2.09,Kg
Jengibre En Escabeche Japonés,0.77,Kg
Jengibre Molido,0.5,Kg
Jengibre Rallado,0.42,Kg
Jengibre Seco,1.86,Kg
Judías Verdes,1.63,Kg
Judías Verdes Cocidas,0.54,Kg
Judías Verdes Congeladas,0.52,Kg
Judías Verdes Enlatadas,1.45,Kg
Jugo Concentrado De Ruibarbo,1.15,L
Jugo De Apio,1.26,L
Jugo De Arándano,2.89,L
Jugo De Calamansi,1.5,L
Jugo De Col Rizada,0.89,L
Jugo De Fresa,2.68,L
Jugo De Frutas Mixtas,1.65,L
Jugo De Higo,3.2,L
Jugo De Jengibre,0.46,L
Jugo De Kiwi,2.84,L
Jugo De Kokum,1.83,L
Jugo De Lichi,1.67,L
Jugo De Lima,1.5,L
Jugo De Limón,1.83,L
Jugo De Limón Concentrado,1.83,L
Jugo De Mango,2.31,L
Jugo De Manzana,1.92,L
Jugo De Mora,2.6,L
Jugo De Pepino,0.99,L
Jugo De Pera,0.49,L
Jugo De Piña,2.78,L
Jugo De Plátano,0.64,L
Jugo De Remolacha,1.09,L
Jugo De Res,24.56,L
Jugo De Saúco,2.31,L
Jugo De Uva,2.28,L
Jugo De Zanahoria,1.03,L
Kaffir Hoja De Lima,0.41,Kg
Kimchi,1.53,Kg
Kirsch,3.36,Kg
Kiwis,0.91,Kg
Kombú,0.7,Kg
Konjac,0.42,Kg
Kril,5.54,Kg
Krispies De Arroz De Kellogg's,3.05,Kg
Kumquats,0.41,Kg
Lactosa,2.95,Kg
Láminas De Lasaña,1.62,Kg
Langosta,23.18,Kg
Langosta En Polvo,129.37,Kg
Langostino Del Río Amazonas,78.65,Kg
Langostino Gigante De Río,61.55,Kg
Langostino Tigre,41.72,Kg
Langostinos,20.55,Kg
Langostinos Cocidos,26.1,Kg
Langostinos De Agua Fría,26.01,L
Langostinos De Agua Fría Cocidos,26.09,L
Langostinos Rebozados Congelados,10.05,Kg
Lardons De Tocino,17.75,Kg
Lasaña Boloñesa,9.68,Kg
Lasaña,13.54,Kg
Sin Cocer,13.54,Kg
Leche,2.51,L
Leche Condensada,5.57,L
Leche De Almendras,0.56,L
Leche De Anacardo,0.19,L
Leche De Arroz,0.66,L
Leche De Avena,0.47,L
Leche De Búfala,12.6,L
Leche De Cabra,1.97,L
Leche De Coco,0.44,L
Leche De Coco En Polvo,4.53,Kg
Leche De Coco Enlatada,3.61,L
Leche De Coco,0.46,L
Grasa Reducida,0.46,L
Leche De Oveja,17.81,L
Leche De Soja,0.78,L
Leche De Vaca,2.61,L
Leche Desnatada En Polvo,8.87,Kg
Leche En Polvo,8.87,Kg
Leche Entera En Polvo,8.87,Kg
Leche Entera Fresca,2.59,L
Leche Evaporada,5.81,L
Lechuga,0.98,Kg
Lechuga Apolo,0.88,Kg
Lechuga De Napa,0.29,Kg
Lechuga Iceberg,0.64,Kg
Lechuga Pequeña Joya,0.88,Kg
Lechuga Romana,0.88,Kg
Lentejas,2.13,Kg
Lentejas Du Berry,2.25,Kg
Lentejas Marrones,2.25,Kg
Lentejas Negras,2.25,Kg
Lentejas Negras Cocidas,3.75,Kg
Lentejas Verdes,2.25,Kg
Lentejas Verdes Enlatadas,3.06,Kg
Levadura Comprimida,0.82,Kg
Levadura En Polvo,1.94,Kg
Levadura Líquida,0.5,Kg
Levadura Seca,3.29,Kg
Licor De Limón Italiano,2.76,L
Lima Kaffir,0.41,Kg
Lima Negra,5.54,Kg
Limas,0.32,Kg
Limón Rallado,1.78,Kg
Limonada,0.32,Kg
Limonada - Schweppes,0.32,Kg
Limonata - San Pellegrino,0.93,Kg
Limones,0.52,Kg
Linaza Dorada,-0.1,Kg
Linguini,1.62,Kg
Lollo Biondo,0.88,Kg
Lollo Rosso,0.88,Kg
Lomo De Bacalao,3.86,Kg
Lomo De Cerdo De Corral,11.96,Kg
Lomo De Ternera,39.95,Kg
Lomo De Ternera Cortado En Dados,39.95,Kg
Loncha De Jamón,14.27,Kg
Lubina,28.92,Kg
Lubina De Cultivo,14.16,Kg
Macarrones,1.61,Kg
Macarrones Cocidos,2.06,Kg
Maíz,1.22,Kg
Maíz Bebé,1.12,Kg
Maíz De Verano,1.17,Kg
Maíz En La Mazorca,1.12,Kg
Maíz Enlatado,1.36,Kg
Maíz Tierno Congelado,1.14,Kg
Malbec,1.47,Kg
Malibú,2.76,Kg
Malta,1.66,Kg
Maltodextrina,1.9,Kg
Malvaviscos,4.81,Kg
Manchego,23.13,Kg
Mandarina,0.53,Kg
Mandioca,2.06,Kg
Mango,0.31,Kg
Mango Congelado,1.03,Kg
Mango Deshidratado,5.4,Kg
Mangos,1.02,Kg
Manis Kecap,1.61,Kg
Manojo De Cilantro,0.88,Kg
Manteca,7.62,Kg
Manteca De Cerdo,12.88,Kg
Mantequilla De Almendras,-0.25,Kg
Mantequilla De Anacardo,1.58,Kg
Mantequilla De Coco,4.37,Kg
Mantequilla De Cocoa,4.86,Kg
Mantequilla De Maní,1.15,Kg
Mantequilla De Maní Crujiente,3.54,Kg
Mantequilla De Maní Tostada Profunda,3.5,Kg
Mantequilla De Manzana,1.14,Kg
Mantequilla Flora,5.9,Kg
Manzana,0.4,Kg
Manzana Cocida,0.66,Kg
Manzana Orgánica,0.4,Kg
Manzana Royal Gala Inglesa,0.41,Kg
Manzana Seca,1.69,Kg
Manzana Y Bayas De Cawston,0.67,Kg
Manzana Y Pera De Cawston,0.57,Kg
Manzanas Bramley,0.41,Kg
Manzanas Doradas Deliciosas,0.41,Kg
Manzanas Granny Smith,0.41,Kg
Manzanas Verdes,0.41,Kg
Margarina,1.17,Kg
Marmita,4.85,Kg
Marrajo,11.44,Kg
Martini Amargo,2.76,Kg
Martini Blanco,1.7,Kg
Martini Extra Seco,1.7,Kg
Martini Rosso,1.7,Kg
Masa De Cacao,3.65,Kg
Masa Madre Multicereales,1.29,Kg
Masa Para Galletas,3.85,Kg
Mascarpone,10.04,Kg
Matcha En Polvo,0.48,Kg
Mayonesa,3.01,Kg
Mayonesa Baja En Calorías,3.96,Kg
Mayonesa De Ajo,3.79,Kg
Mayonesa De Campo Libre,3.97,Kg
Mayonesa De Chipotle,2.59,Kg
Mayonesa Japonesa,3.86,Kg
Mayoram,0.88,Kg
Mazo,0.88,Kg
Medias Baguettes De Granero,1.29,Kg
Medias Baguettes De Trigo Malteado,1.29,Kg
Medio Jamón,14.27,Kg
Mejillones,0.79,Kg
Con Concha,0.79,Kg
Mejillones,2.24,Kg
Sin Concha,2.24,Kg
Mejorana,0.88,Kg
Melaza,1.4,Kg
Melaza Negro,2.66,Kg
Melón,0.39,Kg
Melón Canario,2.94,Kg
Melón Cantalupo,1.34,Kg
Melón Galia,1.34,Kg
Melones,1.01,Kg
Melones Dulces,1.34,Kg
Menta,0.88,Kg
Menta Seca,3.07,Kg
Merengue De Bayas,6.6,Kg
Merengues,4.66,Kg
Meri-Blanco,4.65,Kg
Merlot,1.47,Kg
Merluza,10.4,Kg
Mermelada,1.94,Kg
Mermelada De Albaricoque,2.12,Kg
Mermelada De Cerezas Morello,2.13,Kg
Mermelada De Chía,1.98,Kg
Mermelada De Chile,1.65,Kg
Mermelada De Grosella Negra,2.41,Kg
Mermelada De Limon,1.85,Kg
Mermelada De Mandarina,2.71,Kg
Mezcla Bombay,0.88,Kg
Mezcla De Bayas De Frutas Del Bosque,1.65,Kg
Mezcla De Brownie De Chocolate Sin Gluten - Doves Farm,2.58,Kg
Mezcla De Brownie De Dulce De Azúcar,2.48,Kg
Mezcla De Burrito De Pollo - Love Joes,4.07,Kg
Congelado,4.07,Kg
Mezcla De Caldo De Cordero,6.64,L
Mezcla De Caldo De Pollo,3.14,L
Mezcla De Caldo De Res,59.72,L
Mezcla De Cilantro Fresco Y Perejil,0.88,Kg
Mezcla De Eneldo Y Cebollino,0.88,Kg
Mezcla De Especias,0.88,Kg
Mezcla De Fajitas De Pollo,2.88,Kg
Cocinado,2.88,Kg
Mezcla De Frutos Secos,0.99,Kg
Mezcla De Granos De Café Arábica Brasileño Y Peruano,22.47,Kg
Mezcla De Lechugas Porque,0.88,Kg
Mezcla De Masa,1.29,Kg
Mezcla De Menta Fresca Y Eneldo,0.88,Kg
Mezcla De Pastel De Dulce De Chocolate,2.88,Kg
Mezcla De Pastel De Pescado,5.48,Kg
Crudo,5.48,Kg
Mezcla De Perejil Fresco Y Cebollino,0.88,Kg
Mezcla De Perejil Fresco Y Eneldo,0.88,Kg
Mezcla De Perejil Fresco Y Menta,0.88,Kg
Mezcla Fresca De Romero Y Tomillo,0.88,Kg
Micro Berro De Albahaca,0.88,Kg
Micro Berro De Cilantro,0.88,Kg
Micro Berro De Guisante,0.7,Kg
Micro Berros,0.7,Kg
Micro Sakura Berro,0.88,Kg
Micro Shishu Berro,0.88,Kg
Miel,1.38,Kg
Miel Clara,1.01,Kg
Miel De Caña,2.98,Kg
Miel De Flores,1.01,Kg
Miel De Flores Mixtas,1.01,Kg
Miel De Maple,8.52,Kg
Migas De Galleta,3.62,Kg
Migas De Pan,1.73,Kg
Migraña,14.15,Kg
Mijo,1.22,Kg
Milano Salami,17.26,Kg
Mini Bollos De Hamburguesa,1.29,Kg
Mini Canelones De Ricotta Y Espinacas,8.27,Kg
Mini Conos De Oblea,2.15,Kg
Mini Empanadas De Cerdo,6.8,Kg
Mini Malvaviscos,4.81,Kg
Mirin,1.71,Kg
Miseria,2.34,Kg
Mizuna,0.29,Kg
Molido De Especias Mixtas,0.88,Kg
Molokhia Seco,3.07,Kg
Momo Masala,0.88,Kg
Mora Azul,1.65,Kg
Mora Negra,1.04,Kg
Moras Congeladas,1.67,Kg
Moras Secas,5.91,Kg
Morcilla,9.06,Kg
Mostaza,1.18,Kg
Mostaza Americana,1.37,Kg
Mostaza De Dijon,1.25,Kg
Mostaza En Polvo,0.87,Kg
Mostaza Inglesa,1.44,Kg
Mosto De Uva Cocido,2.84,Kg
Mozzarella Bocconcini,14.38,Kg
Mozzarella De Búfala,14.37,Kg
Mozzarella En Cubitos,14.37,Kg
Mozzarella Ligera,14.37,Kg
Muesli,1.92,Kg
Muslo De Pato Cocido,14.52,Kg
Muslo De Pollo Cortado En Cubitos,4.8,Kg
Muslos De Pollo,4.78,Kg
Muslos De Pollo Cocidos,5.16,Kg
Muslos De Pollo Halal,4.78,Kg
Mozzarella Rallada,14.38,Kg
Nabo,0.35,Kg
Naranja China,0.41,Kg
Naranjas,0.4,Kg
Naranjas De Sangre,0.38,Kg
Nata,3.89,Kg
Natilla,2.91,Kg
Nduja,11.49,Kg
Nectarinas,0.43,Kg
Negro Tapenade De La Aceituna,3.54,Kg
Nori,0.7,Kg
Nueces,0.22,Kg
Nueces De Brasil,0.36,Kg
Nueces Mixtas,0.47,Kg
Nuez,2.06,Kg
Nuez Crujiente,1.64,Kg
Nuez De Palma,0.8,Kg
Nuez De Tierra,0.88,Kg
Nuez Moscada,0.88,Kg
Nuez Moscada Seca,2.01,Kg
Nutella,4.1,Kg
Orégano Seco,3.07,Kg
Orégano Seco Molido,3.07,Kg
Ortigas,0.7,Kg
Orzo Cocido,0.85,Kg
Pakchoi,0.93,Kg
Paletilla De Cordero Troceada,40.06,Kg
Palitos De Azúcar Moreno,2.92,Kg
Palitos De Bacalao,2.56,Kg
Palitos De Pan,1.57,Kg
Palitos De Pescado,7.59,Kg
Congelados,7.59,Kg
Palitos De Salvado,1.65,Kg
Palmito,0.43,Kg
Palo De Pescado De Merluza,2.14,Kg
Palo De Pescado Makerel,1.02,Kg
Aguacate,1.96,L
Palta,1.96,Kg
Pan,1.29,Kg
Pan Brioche Vegano Congelado,1.74,Kg
Pan Congelado,1.31,Kg
Pan Crujiente,1.35,Kg
Pan De Ajo,3.21,Kg
Pan De Cereales Malteados,1.29,Kg
Pan De Granero,1.29,Kg
Pan De Mantequilla Millonario,3.23,Kg
Congelado,3.23,Kg
Pan De Plátano,2.01,Kg
Pan De Semillas De Calabaza Y Chía,1.37,Kg
Pan De Trigo,1.12,Kg
Pan De Trigo Malteado,1.29,Kg
Pan De Trigo Y Centeno,2.81,Kg
Pan Entero,0.77,Kg
Pan Integral E Integral,1.29,Kg
Pan Integral Sin Gluten,3.06,Kg
Pan Malteado,1.29,Kg
Pan Moreno,1.29,Kg
Pan Multicereal,0.7,Kg
Pan Naan,1.29,Kg
Pan Plano,1.29,Kg
Pan Plano De Khobez,1.29,Kg
Pan Rallado Seco,2.86,Kg
Pan Rallado Sin Gluten,1.73,Kg
Pan Simple,0.89,Kg
Panal,2.63,Kg
Panceta Cocida,16.91,Kg
Panceta De Cerdo Deshuesada,11.96,Kg
Panecillo,2.49,Kg
Panecillo De Suero De Mantequilla,2.74,Kg
Panecillo Enharinado,1.29,Kg
Panga,12.97,Kg
Panque Ingles,1.29,Kg
Papas,0.42,Kg
Papas Fritas,0.7,Kg
Papas Hervidas,0.47,Kg
Papas Nuevas,0.47,Kg
Papaya,1.04,Kg
Papaya Transportada Por Aire,8.39,Kg
Parfait De Chocolate Y Amaretto,3.89,Kg
Parmigiano Reggiano,12.54,Kg
Pasa,0.81,Kg
Pasas De Llama,4.35,Kg
Pasas Doradas,4.35,Kg
Pasta,1.21,Kg
Pasta Al Huevo,3.15,Kg
Pasta Biryani,1.4,Kg
Pasta Choux,3.06,Kg
Pasta Conchiglie,1.62,Kg
Pasta Coreana Ssamjang,2.75,Kg
Pasta De Ajo,0.93,Kg
Pasta De Ajo Y Jengibre,1.69,Kg
Pasta De Albahaca,1.57,Kg
Pasta De Almendra,2.98,Kg
Pasta De Arroz Integral,3.23,Kg
Pasta De Avellanas,1.69,Kg
Pasta De Barbacoa (Knorr),2.73,Kg
Pasta De Cacao,3.79,Kg
Pasta De Cachemira,1.65,Kg
Pasta De Cachemira Knorr,1.65,Kg
Pasta De Caldo De Pescado,4.6,L
Pasta De Caldo De Pollo,2.93,L
Pasta De Caldo De Res,19.31,L
Pasta De Camarones Secos,18.68,Kg
Pasta De Champiñones,1.38,Kg
Pasta De Chipotle,2.49,Kg
Pasta De Coco,1.4,Kg
Pasta De Curry De Madrás,1.19,Kg
Pasta De Curry Korma,1.48,Kg
Pasta De Curry Laksa,1.88,Kg
Pasta De Curry Massaman,0.42,Kg
Pasta De Curry Verde,0.37,Kg
Pasta De Habas,1.35,Kg
Pasta De Jengibre,1.58,Kg
Pasta De Maní,1.84,Kg
Pasta De Miso,3.51,Kg
Pasta De Naranja Mexicana,1.75,Kg
Pasta De Soja Negra Fermentada,2.53,Kg
Pasta De Tomate Balsámico Secado Al Sol,2.82,Kg
Pasta Farfalle,1.62,Kg
Pasta Gochujang,2.66,Kg
Pasta Harissa,0.79,Kg
Pasta Jerk Jamaicana,0.82,Kg
Pasta Penne Cocida,0.97,Kg
Pasta Penne Cocida Sin Gluten,2.37,Kg
Pasta Penne Sin Gluten,1.93,Kg
Pasta Sin Gluten,1.93,Kg
Pasta Verde Harissa,1.99,Kg
Pastas De Curry,0.37,Kg
Pastel De Cabaña,17.89,Kg
Cocinado,17.89,Kg
Pastel De Carne Picada,2.73,Kg
Pastel De Génova,4.05,Kg
Pastel De Lentejas,2.06,Kg
Cocinado,2.06,Kg
Pastel De Pescado,3.0,Kg
Cocido,3.0,Kg
Pastel De Polenta De Limón Y Almendras,2.15,Kg
Pastel De Zanahoria,3.24,Kg
Pastelería Brik,0.88,Kg
Pastelería Filo,0.78,Kg
Pasteles Daneses,3.26,Kg
Pasteles De Carne Picada Sin Gluten,3.68,Kg
Cocidos,3.68,Kg
Patata Seca,2.16,Kg
Patatas Al Horno,0.47,Kg
Patatas Asadas,0.47,Kg
Patatas Blancas Baby,0.47,Kg
Patatas Blanqueadas,0.76,Kg
Patatas Bombay,1.13,Kg
Patatas Cocidas,0.85,Kg
Patatas Dulces,0.38,Kg
Patatas Dulces En Cubitos,0.4,Kg
Patatas En Cubitos,0.5,Kg
Patatas Fritas,0.47,Kg
Patatas King Edwards,0.47,Kg
Patatas Maris Piper,0.47,Kg
Patatas Maris Piper Cortadas En Cubitos,0.5,Kg
Patatas Medianas,0.47,Kg
Patatas Medianas Al Horno,0.47,Kg
Paté De Trufa Negra,1.91,Kg
Pato,14.13,Kg
Pavo,13.82,Kg
Pavo Cocido,6.08,Kg
Pavo De Corral,5.7,Kg
Pecho De Res Deshuesado,39.95,Kg
Pechuga De Pato,14.13,Kg
Pechuga De Pavo De Corral,5.7,Kg
Pechuga De Pavo De Corral Cortada En Dados,5.7,Kg
Pechuga De Pollo,4.78,Kg
Pechuga De Pollo Cocida,5.16,Kg
Pechuga De Pollo De Corral,4.78,Kg
Pechuga De Pollo De Corral Cortada En Dados,4.8,Kg
Pechuga De Pollo En Dados,4.78,Kg
Pechuga De Pollo Picada,4.78,Kg
Pecorino,17.15,Kg
Pectina De Cítricos,1.44,Kg
Pectina De Frutas,1.44,Kg
Pedazos De Pollo,4.92,Kg
Pegar Fecha,1.12,Kg
Pelador Fácil Naranja,0.41,Kg
Penne De Arroz Integral,3.23,Kg
Pepinillos,0.65,Kg
Pepinos,0.49,Kg
Pepinos Bebés,0.39,Kg
Pepinos Medianos,0.39,Kg
Pera China,0.55,Kg
Peras,0.65,Kg
Peras Conferencia,0.29,Kg
Percebe,2.3,Kg
Perejil Plano,0.88,Kg
Perejil Rizado,0.88,Kg
Perejil Seco,3.07,Kg
Perifollo,0.88,Kg
Peroni Sin Gluten,1.15,Kg
Hot Dog De Frankfurt,10.94,Kg
Pescadilla,2.66,Kg
Pescado Azul,11.85,Kg
Pescado Empanado,11.85,Kg
Pescado Empanizado Sin Gluten,3.21,Kg
Pescado Mixto,3.01,Kg
Pesto,2.71,Kg
Pesto De Alcachofas,3.19,Kg
Pesto De Berenjena Y Parmesano,3.37,Kg
Pesto De Chile Y Albahaca,2.98,Kg
Pesto Sin Ajo,2.72,Kg
Pesto Verde,3.02,Kg
Pesto Verde Sin Nueces,3.14,Kg
Pétalos De Aciano,0.7,Kg
Pescado,11.85,Kg
Pez Diamante,6.02,Kg
Pez Espada,12.84,Kg
Pez Roca,6.94,Kg
Piel De Lima Kaffir,0.41,Kg
Piel De Naranja Seca,2.54,Kg
Pierna De Cordero,40.06,Kg
Pierna De Cordero Deshuesada,40.06,Kg
Pierna De Jamón,9.85,Kg
Pierna De Jamón,17.91,Kg
Con Hueso,17.91,Kg
Pierna De Pato,14.13,Kg
Pierna De Pollo,4.78,Kg
Pierna De Pollo Cocida,5.53,Kg
Sin Hueso,4.78,Kg
Pimienta,0.65,Kg
Pimienta Alepo,3.01,Kg
Pimienta Blanca Molida,0.88,Kg
Pimienta De Cayena,2.44,Kg
Pimienta De Cayena Molida,2.44,Kg
Pimienta De Szechuan Molida,0.88,Kg
Pimienta Inglesa Molida,0.88,Kg
Pimienta Negra,0.88,Kg
Pimienta Negra Molida,0.88,Kg
Pimienta Picante De Calabria,1.01,Kg
Pimiento Rojo Seco,1.67,Kg
Pimiento Verde Seco,2.62,Kg
Pimientos,0.71,Kg
Pimientos De Cayena,0.71,Kg
Pimientos Del Piquillo A La Plancha,0.89,Kg
Pimientos Mixtos,0.71,Kg
Pimientos Mixtos Congelados,1.25,Kg
Pimientos Picantes,1.01,Kg
Pimientos Rojos A La Parrilla,0.84,Kg
Pimientos Rojos Cortados En Cubitos,0.7,Kg
Pimientos Verdes,1.01,Kg
Pimientos Verdes Cortados En Cubitos,1.0,Kg
Piña Congelada,0.44,Kg
Piña Deshidratada,2.16,Kg
Piña En Cubos,0.43,Kg
Piña Enlatada,1.29,Kg
Piñas,0.53,Kg
Pistachos,0.36,Kg
Plátano Congelado,0.93,Kg
Plátano Deshidratado,3.24,Kg
Plátanos,0.88,Kg
Plátanos De Comercio Justo,0.9,Kg
Plátanos Liofilizados,16.79,Kg
Plátanos Verdes,0.9,Kg
Platija,6.27,Kg
Polvo de Cacao,6.17,Kg
Polen De Abeja,1.1,Kg
Polen De Hinojo,-0.63,Kg
Polenta Fina,2.02,Kg
Polenta Gruesa,2.02,Kg
Pollo,5.66,Kg
Pollo A La Brasa,4.94,Kg
Pollo A La Parrilla,4.81,Kg
Pollo Cocinado,5.16,Kg
Pollo Con Hueso,2.82,Kg
Pollo De Corral,4.78,Kg
Pollo Desmenuzado Cocido,5.16,Kg
Pollo Empanizado,5.0,Kg
Pollo En Cubitos,4.8,Kg
Pollo Orgánico,9.04,Kg
Pollo Pakora,3.15,Kg
Cocido,3.15,Kg
Pollo Pakora,2.97,Kg
Crudo,2.97,Kg
Pollo Picado,4.78,Kg
Pollo Picado 5% Grasa,4.78,Kg
Pollo Sin Hueso,3.68,Kg
Pollo Supremo,4.78,Kg
Polvo De Acai,1.73,Kg
Polvo De Ajo,2.07,Kg
Polvo De Ajo Negro,3.1,Kg
Polvo De Ashwagandha,0.88,Kg
Polvo De Bacalao,25.23,Kg
Polvo De Baobab,1.69,Kg
Polvo De Bayas Mixtas,2.09,Kg
Polvo De Cacao,0.74,Kg
Polvo De Caldo De Res,43.85,Kg
Polvo De Carbón,0.88,Kg
Polvo De Cáscara De Limón,3.11,Kg
Polvo De Chocolate Caliente,10.68,Kg
Polvo De Chocolate Caliente Oscuro,0.7,Kg
Polvo De Clavo,0.88,Kg
Polvo De Clorella,1.36,Kg
Polvo De Curry,0.88,Kg
Polvo De Curry Suave,0.88,Kg
Polvo De Flan,1.93,Kg
Polvo De Glucosa,3.5,Kg
Polvo De Hongos,18.04,Kg
Polvo De Huevo Seco,14.67,Kg
Polvo De Jugo De Betabel,3.89,Kg
Polvo De Jugo De Remolacha,3.89,Kg
Polvo De Mango,1.46,Kg
Polvo De Moringa,5.54,Kg
Polvo De Mostaza Inglesa,0.87,Kg
Polvo De Raíz De Maca,0.88,Kg
Polvo De Betabel,3.33,Kg
Polvo De Remolacha,3.33,Kg
Polvo De Suero De Leche,5.4,Kg
Polvo De Yema De Huevo Deshidratado,26.03,Kg
Primavera De Pollo,4.78,Kg
Proteína De Arroz Integral,11.99,Kg
Proteína De Haba,3.41,Kg
Proteína De Soja Aislada,10.51,Kg
Poro,2.05,Kg
Puerro En Polvo,2.05,Kg
Poro Serco,2.05,Kg
Puerro Seco,2.05,Kg
Poros,0.42,Kg
Puerros,0.42,Kg
Poros Bebés,0.44,Kg
Puerros Bebés,0.44,Kg
Poros Picados,0.4,Kg
Puerros Picados,0.4,Kg
Pulpa De Aguacate,2.34,L
Pulpa De Manzana,0.8,Kg
Pulpo,6.84,Kg
Puré De Acai,2.24,Kg
Puré De Ajo,0.93,Kg
Puré De Albaricoque,1.26,Kg
Puré De Arándanos,0.7,Kg
Puré De Banana,1.08,Kg
Puré De Calabaza Butternut,1.7,Kg
Puré De Cereza Negra,1.96,Kg
Puré De Chile Habanero,1.76,Kg
Puré De Chile Verde,1.76,Kg
Puré De Grosella Negra,2.24,Kg
Puré De Guisantes,1.7,Kg
Puré De Jengibre,1.0,Kg
Puré De Limoncillo,0.84,Kg
Puré De Mango,1.6,Kg
Puré De Mango Congelado,1.6,Kg
Puré De Manzana,0.8,Kg
Puré De Patata Congelado,0.96,Kg
Puré De Patatas,3.55,Kg
Pure De Tomate,1.03,Kg
Puré De Tomate Doble Concentrado,2.2,Kg
Queso,8.93,Kg
Queso Azul,14.37,Kg
Queso Azul Desmenuzado,14.37,Kg
Queso Berkswell,14.37,Kg
Queso Blando Con Toda La Grasa,14.38,Kg
Queso Brie,14.38,Kg
Queso Caerphilly,14.37,Kg
Queso Camembert,10.97,Kg
Queso Cheddar,15.62,Kg
Queso Cheddar Maduro,14.38,Kg
Queso Cheddar Suave,14.38,Kg
Queso Cheddar,14.37,Kg
Reducido En Grasa,14.37,Kg
Queso Cotija,20.99,Kg
Queso Crema,3.74,L
Queso Crema Ligero,3.74,L
Queso De Cabra,16.14,Kg
Queso De Ensalada Griega,14.37,Kg
Queso De Madera De Manzano,14.37,Kg
Queso De Vaca,15.83,Kg
Queso Duro,14.38,Kg
Queso Duro Medio Graso,14.38,Kg
Queso Duro Rallado,14.37,Kg
Queso En Polvo,22.88,Kg
Queso Feta,23.13,Kg
Queso Feta Griego,23.13,Kg
Queso Gran Milano Rallado,17.8,Kg
Queso Monterey Jack Rebanado,14.38,Kg
Queso Mozzarella,13.89,Kg
Queso Semiduro,8.65,Kg
Quinta,2.5,Kg
Quinoa,0.97,Kg
Quinua,0.97,Kg
Quinoa Cocida,0.41,Kg
Quinua Cocida,0.41,Kg
Quinoa Negra,1.14,Kg
Quinua Negra,1.14,Kg
Rábano,0.15,Kg
Rábano Japonés,0.42,Kg
Rábano Picante,0.42,Kg
Rábanos Negros,0.42,Kg
Rábanos Para El Desayuno,0.42,Kg
Raíces Almidónicas,0.29,Kg
Raíz De Achicoria,0.74,Kg
Raíz De Ashwagandha,0.88,Kg
Raíz De Loto,0.42,Kg
Raíz De Maca,0.88,Kg
Rape,12.07,Kg
Rebanada De Focaccia,2.93,Kg
Rebanada De Nduja,10.17,Kg
Rebanada De Queso Cheddar,14.38,Kg
Rebanadas Sabor Queso,2.58,Kg
Recorte De Cordero,40.06,Kg
Recorte De Cuarto Delantero De Res,42.18,Kg
Recursos Pesqueros,0.18,Kg
Refresco De Lima,1.87,L
Relleno De Pollo Coronación,4.72,Kg
Remolacha A Rayas De Caramelo,0.42,Kg
Remolacha Azucarera,1.95,Kg
Remolacha Cocida,0.48,Kg
Remolacha Dulce,0.42,Kg
Remolacha En Cubitos,0.4,Kg
Remolachas,0.33,Kg
Remolachas Doradas,0.42,Kg
Repollo,0.28,Kg
Repollo Carbonizado,1.89,Kg
Repollo Hispi,0.3,Kg
Requesón,14.38,Kg
Ricota De Almendras,-0.09,Kg
Ricotta,3.4,Kg
Rigatoni Cocido,2.06,Kg
Riñón De Cordero,40.06,Kg
Rodaballo,14.51,Kg
Rodaja De Limón,0.61,Kg
Rollo Chapata,1.29,Kg
Rollo Ciabatta,1.29,Kg
Rollo De Brioche,3.68,Kg
Rollo De Fiambres,1.29,Kg
Rollo Marrón,1.29,Kg
Rombo,8.41,Kg
Romero Seco,0.88,Kg
Rosquilla,1.29,Kg
Sabor A Grosella Negra,3.53,Kg
Sabor A Plátano,3.53,Kg
Saborizante De Avellana,3.53,Kg
Saborizante De Caramelo,3.53,Kg
Saborizante De Galleta,3.53,Kg
Saborizante De Miel,3.53,Kg
Saborizante De Natillas,3.53,Kg
Saborizante De Panal,3.53,Kg
Sal De Apio,0.88,Kg
Sal De Cocina,0.88,Kg
Sal Del Himalaya,0.88,Kg
Sal Kosher,0.88,Kg
Sal Marina Ahumada De Cornualles,0.88,Kg
Sal Marina De Cornualles,0.88,Kg
Sal Marina De Maldón,0.88,Kg
Sal Marina Yodada,0.88,Kg
Sal Y Pimienta Mixta,0.88,Kg
Sal Yodada,0.88,Kg
Salami Finocchiona,17.26,Kg
Salchicha Calabresa,11.34,Kg
Salchicha Calabresa Cocida,11.72,Kg
Salchicha De Mango,13.89,Kg
Lima Y Coco,13.89,Kg
Salchicha De Pollo Halal,4.56,Kg
Salchicha De Pollo Tikka,3.91,Kg
Salchicha De Pollo,3.73,Kg
Cruda,3.73,Kg
Salchicha Lorne,6.03,Kg
Cruda,6.03,Kg
Salchicha Merguez,34.93,Kg
Cruda,34.93,Kg
Salchichas Bratwurst,8.86,Kg
Salchichas Cumberland,9.16,Kg
Salchichas Cumberland Cocidas,9.53,Kg
Salchichas De Cerdo,17.94,Kg
Salchichas De Cerdo Sin Gluten Congeladas,8.45,Kg
Salchichas Glamorgan,2.7,Kg
Salchichas Sin Carne Congeladas (Vegana),1.36,Kg
Salida,0.75,Kg
Salmón,6.43,Kg
Salmón De Piscifactoría,7.45,Kg
Salmón Escocés De Piscifactoría,8.32,Kg
Salsa,0.69,L
Salsa BBQ Coreana,1.83,L
Salsa Barbacoa Coreana,1.83,L
Salsa BBQ Hickory,1.77,L
Salsa Barbacoa Hickory,1.77,L
Salsa Bechamel,4.5,L
Salsa Bechamel Cremosa,2.99,L
Salsa Boloñesa,14.4,L
Salsa Carbonara De Codillo De Jamón,7.4,L
Salsa Coreana De Frijoles Picantes Y Pimientos,1.39,L
Salsa De Arándanos,2.03,L
Salsa De Barbacoa,1.77,L
Salsa De Chile,1.29,L
Salsa De Chocolate,2.08,L
Salsa De Cóctel De Mariscos,2.63,L
Salsa De Frijol Negro,0.9,L
Salsa De Hamburguesa,2.05,L
Salsa De Manzana,2.49,L
Salsa De Menta,1.5,L
Salsa De Pescado - Calamares,9.34,L
Salsa De Pescado - Vish,3.12,L
Salsa De Postre De Caramelo,2.51,L
Salsa De Postre De Chocolate Belga,3.43,L
Salsa De Queso,4.45,L
Salsa De Rábano,4.05,L
Salsa De Soja Ligera,1.58,L
Salsa De Soja Oscura,1.58,L
Salsa De Tomate,1.46,L
Salsa De Tomate Al Curry,1.8,L
Salsa De Tomate De Mostaza,1.83,L
Salsa Demi Glace,4.5,L
Salsa Estilo Mexicano,0.9,L
Salsa Hoisin,2.03,L
Salsa Katsu,1.28,L
Salsa Marrón,1.48,L
Salsa Picante,1.03,L
Salsa Picante De Búfalo,1.44,L
Salsa Picante Mexicana,0.21,L
Salsa Picante Roja De Frank,2.16,L
Salsa Tabasco Verde,1.27,L
Salsas Picantes,1.04,L
Salvia Seca,3.07,Kg
Sandía,0.88,Kg
Sardina,1.1,Kg
Sazonador Cajún - Frenos,1.57,Kg
Schnitzel De Pollo,3.55,Kg
Sebo Vegetal De Atora,5.69,Kg
Semillas Ajwain,0.85,Kg
Semillas De Achiote,0.88,Kg
Semillas De Alcaravea,0.88,Kg
Semillas De Alcaravea Molidas,0.88,Kg
Semillas De Amaranto,0.85,Kg
Semillas De Apio,0.88,Kg
Semillas De Carambola,0.88,Kg
Semillas De Cebolla Negra,0.88,Kg
Semillas De Chia,2.55,Kg
Semillas De Cilantro,0.88,Kg
Semillas De Comino,0.88,Kg
Semillas De Fenogreco,0.88,Kg
Semillas De Girasol,3.49,Kg
Semillas De Hinojo,-0.63,Kg
Semillas De Linaza,2.63,Kg
Semillas De Lino,2.55,Kg
Semillas De Lino Marrones,-0.1,Kg
Semillas De Lino Molidas,0.1,Kg
Semillas De Lino Oscuro,2.55,Kg
Semillas De Melón,1.43,Kg
Semillas De Mostaza,0.87,Kg
Semillas De Mostaza Marrón,0.87,Kg
Semillas De Mostaza Negra,0.87,Kg
Semillas De Sésamo,0.88,Kg
Semillas De Sésamo Molidas,4.36,Kg
Semillas De Sésamo Negro,3.92,Kg
Semillas Mixtas,0.85,Kg
Setas Mixtas,1.21,Kg
Sho De Cordero Deshuesado,40.06,Kg
Sidra,1.15,Kg
Sirope De Avellana,0.22,L
Sirope De Banana,1.76,L
Sirope De Caramelo,2.02,L
Soja,3.7,Kg
Soja Desgrasada,4.27,Kg
Soja Negra,3.51,Kg
Soja Negra Fermentada,5.29,Kg
Solomillo De Ternera,39.95,Kg
Solomillo De Ternera Cocido,39.96,Kg
Sopa De Champiñones Y Tomillo,1.09,L
Sopa De Ribollita De Pollo,1.12,L
Sopa Minestrone,1.56,L
Sopa Minestrone De Codillo De Jamón,4.87,L
Sopa Minestrone Otoñal,0.92,L
Sorbete De Coco,0.53,Kg
Sorbete De Grosella Negra,1.19,Kg
Sorbete De Limón,1.5,Kg
Sorgo,0.88,Kg
Soufflé De Remolacha Y Queso De Cabra,8.09,Kg
Stracchino,4.92,Kg
Stroganoff De Ternera,20.44,Kg
Sueco,0.29,Kg
Suero De La Leche,2.62,L
Suero De Leche,3.05,L
Suma Choi,0.7,Kg
Suprema De Pollo Alimentada Con Maíz,4.78,Kg
Tortilla De Maíz,2.02,Kg
Tortilla De Maíz Azul,0.65,Kg
Tallo De Brócoli,0.86,Kg
Tallo De Coliflor,0.44,Kg
Tallo De Limoncillo,0.37,Kg
Tambaquí,30.22,Kg
Tapa De Ternera B/R,39.95,Kg
Tarta De Grosella Negra,2.85,Kg
Tarta De Queso De Nido De Abeja,4.61,Kg
Tarta De Queso De Vainilla Al Horno,5.06,Kg
Tarta De Queso Lotus Biscoff,6.63,Kg
Tarta De Tarta De Limón Glaseada,4.76,Kg
Té De Bayas,3.29,Kg
Té English Breakfast,3.56,Kg
Té Verde,3.29,Kg
Tempeh Congelado,1.15,Kg
Temple,1.1,Kg
Ternera Con Hueso,17.96,Kg
Tiburón,11.44,Kg
Tilapia,21.75,Kg
Tilapia,47.77,Kg
Bagre Africano,47.77,Kg
Tilapia,35.15,Kg
Gurami Besucona,35.15,Kg
Gurami Gigante,35.15,Kg
Barbo Plateado,35.15,Kg
Carpa Común,35.15,Kg
Carpa Plateada,35.15,Kg
Bagre Rayado,35.15,Kg
Tiras De Carne,39.95,Kg
Tiras De Pechuga De Pollo,4.78,Kg
Tiras De Pimientos Mixtos A La Parrilla,0.71,Kg
Tocino,10.89,Kg
Tocino Cocido,23.69,Kg
Tocino Cocido Sin Ahumar,23.68,Kg
Tocino Entreverado Ahumado Cocido,25.88,Kg
Tofu,2.27,Kg
Tofu De Albahaca,3.1,Kg
Tofu Extra Firme,3.16,Kg
Tofu Firme,3.16,Kg
Tomate Arrabbiata,1.24,Kg
Tomate Frito Enlatado,1.3,Kg
Tomate Pelado,1.3,Kg
Tomate Trozado,1.47,Kg
Tomate Uva,0.7,Kg
Tomate Y Albahaca,1.14,Kg
Tomates,0.66,Kg
Tomates (Ciruela Bebé),5.18,Kg
Tomates (Clásico Suelto),1.42,Kg
Tomates (Redondo/Globo),0.64,Kg
Tomates (Vid),2.84,Kg
Tomates Aplastados,0.7,Kg
Tomates Asados,0.99,Kg
Tomates Cherry,0.7,Kg
Tomates Cherry En Escabeche,1.6,Kg
Tomates De Res,0.7,Kg
Tomates Marinados Al Sol,1.42,Kg
Tomates Mm,0.7,Kg
Tomates Patrimoniales,0.7,Kg
Tomates Pera Bebé,3.81,Kg
Tomates Verdes,0.7,Kg
Tomillo De Limón,0.88,Kg
Tomillo Seco,3.07,Kg
Tomillo Seco Molido,3.07,Kg
Tónico De Pepino - Fever-Tree,0.32,Kg
Topinambur,0.94,Kg
Toronja,0.47,Kg
Pastel Selva Negra,3.15,Kg
Torta Del Bosque Negro,3.15,Kg
Tortilla De Maiz,2.02,Kg
Tortilla De Maíz,2.09,Kg
Congelada,2.09,Kg
Trigo,2.06,Kg
Trigo Blando,1.04,Kg
Trigo Bulgur,1.08,Kg
Cocido,1.08,Kg
Trigo De Invierno,1.28,Kg
Trigo De Primavera,1.61,Kg
Trigo Duro,1.06,Kg
Trigo Harinero De Invierno,1.24,Kg
Trigo Harinero De Primavera,0.98,Kg
Trigo Hervido,1.65,Kg
Trigo Vulgar,1.65,Kg
Trigo Khorosan,1.65,Kg
Tripa De Salchicha De Ternera,34.01,Kg
Trozos De Manzana Seca,1.69,Kg
Trozos De Pollo,4.78,Kg
Trozos De Pollo Congelados,4.96,Kg
Trucha,9.48,Kg
Trucha Arcoiris,11.42,Kg
Trucha De Arroyo,12.09,Kg
Trucha Marrón,12.09,Kg
Trucha Arco Iris,12.09,Kg
Trucha Alpina,12.09,Kg
Trufa Negro,1.21,Kg
Único,9.84,Kg
Uvas,0.95,Kg
Uvas De Vino,1.49,L
Uvas Negras,1.59,Kg
Uvas Verdes,1.59,Kg
Vainas De Baquetas,1.02,Kg
Vainilla,4.3,Kg
Veganés De Madrás,3.34,Kg
Vegetales Mixtos Congelados,0.57,Kg
Verbena De Limón,0.7,Kg
Vinagre Balsámico,2.84,L
Vinagre Chardonnay,1.7,L
Vinagre De Brandi,1.71,L
Vinagre De Calamansi,1.46,L
Vinagre De Cidra,1.71,L
Vinagre De Malta De Cebada,1.71,L
Vinagre De Sidra De Manzana,1.71,L
Vinagre De Uva,1.71,L
Vinagre Destilado,1.7,L
Vino,1.99,L
Vino Blanco,1.54,L
Vino Caliente,1.77,L
Vino De Madeira,1.7,L
Vino Fortificado,1.7,L
Vino Marsala,1.7,L
Vino Tinto,1.49,L
Waffles Belgas,4.84,Kg
Whisky Irlandés,4.13,Kg
Wrap De Tortilla De Harina,2.57,Kg
Wraps De Tortilla Sin Gluten,2.41,Kg
Yemas De Huevo,4.4,Kg
Yemas De Huevo Campero,4.39,Kg
Yogur De Almendras,0.72,Kg
Yogur De Cereza Bajo En Grasa,2.28,Kg
Yogur De Coco,0.91,Kg
Yogur De Fresa Bajo En Grasa,2.25,Kg
Yogur De Soja,1.36,Kg
Yogur Griego,2.22,Kg
2% Grasa,2.22,Kg
Bajo En Grasa,2.22,Kg
Yogur Natural Bajo En Grasa,2.22,Kg
Yogur Sin Lactosa,3.47,Kg
Yogurt Blanco,1.69,Kg
Zanahorias,0.36,Kg
Zanahorias Bebe,0.38,Kg
Zanahorias Chanternay,0.38,Kg
Zanahorias De Burro,0.38,Kg
Zanahorias De Invierno,0.47,Kg
Zanahorias En Cuadritos,0.4,Kg
Zanahorias En Manojo,0.58,Kg
Zanahorias Enlatadas,1.6,Kg
Zumo Concentrado De Grosella Roja,2.89,Kg
Zumo De Cereza,2.3,Kg
Zumo De Grosella Negra,2.69,Kg
Zumo De Manzana Recién Exprimido,0.99,Kg
Zumo De Naranja,0.46,Kg
Papa Al Horno,0.47,Kg
Papa Asadas,0.47,Kg
Papa Blancas Baby,0.47,Kg
Papa Blanqueadas,0.76,Kg
Papa Bombay,1.13,Kg
Papa Cocidas,0.85,Kg
Papa Dulces,0.38,Kg
Papa Dulces En Cubitos,0.4,Kg
Papa En Cubitos,0.5,Kg
Papa Fritas,0.47,Kg
Papa King Edwards,0.47,Kg
Papa Maris Piper,0.47,Kg
Papa Maris Piper Cortadas En Cubitos,0.5,Kg
Papa Medianas,0.47,Kg
Papa Medianas Al Horno,0.47,Kg
Betabel A Rayas De Caramelo,0.42,Kg
Betabel Azucarero,1.95,Kg
Betabel Cocido,0.48,Kg
Betabel Dulce,0.42,Kg
Betabel En Cubitos,0.4,Kg
Betabeles,0.33,Kg
Betabel Dorado,0.42,Kg
Col,0.28,Kg
Col Carbonizado,1.89,Kg
Col Hispi,0.3,Kg
